Order ID,Order Date,Ship Date,Ship Mode,Customer ID,Customer Name,Segment,Country,City,State,Postal Code,Region,Product ID,Category,Sub-Category,Product Name,Sales,Quantity,Discount,Profit,DQ_Flag_ShipDate_Corrected,DQ_Flag_InvalidSales,DQ_Flag_InvalidQuantity,DQ_Flag_InvalidDiscount,DQ_Flag_CategoryMismatch,DQ_Flag_RegionMismatch,DQ_Flag_Missing_CustomerName,DQ_Flag_Missing_PostalCode,DQ_Flag_Missing_Region,DQ_Flag_Missing_ShipDate
US-2023-100001,2023-04-03,2023-04-08,Standard Class,CU-10001,Linda Chen,Home Office,United States,Dallas,Michigan,61993.0,,OFF-ART-3001,Office Supplies,Art,Art Item 1,239.82,7,0.15,2.91,False,False,False,False,False,False,False,False,True,False
US-2023-100003,2023-04-10,2023-04-15,Same Day,CU-10003,Carlos Martinez,Corporate,United States,Miami,Virginia,86750.0,South,TEC-COP-3003,Technology,Copiers,Copiers Item 3,568.72,2,0.15,20.92,False,False,False,False,False,False,False,False,False,False
US-2023-100004,2023-09-12,2023-09-14,Same Day,CU-10004,Aiden Garcia,Corporate,United States,Dallas,Georgia,19594.0,South,OFF-LAB-3004,Office Supplies,Labels,Labels Item 4,182.08,0,0.0,37.79,False,False,True,False,False,False,False,False,False,False
US-2023-100005,2023-12-17,2023-12-19,First Class,CU-10005,John Lopez,Corporate,United States,Seattle,Illinois,87905.0,Central,FUR-TAB-3005,Furniture,Tables,Tables Item 5,1709.92,8,0.2,-45.68,False,False,False,False,False,False,False,False,False,False
US-2023-100006,2023-04-06,2023-04-09,Same Day,CU-10006,Maria Jones,Corporate,United States,Atlanta,Oregon,97641.0,West,OFF-STO-3006,Office Supplies,Storage,Storage Item 6,2800.32,8,0.0,190.98,False,False,False,False,False,False,False,False,False,False
US-2023-100007,2023-12-30,2024-01-01,Second Class,CU-10007,Michael Williams,Corporate,United States,Atlanta,New Jersey,75078.0,East,OFF-APP-3007,Office Supplies,Appliances,Appliances Item 7,629.6,10,0.0,72.7,False,False,False,False,False,False,False,False,False,False
US-2023-100009,2023-06-04,2023-06-06,Standard Class,CU-10009,Michael Jones,Consumer,United States,Atlanta,Illinois,80069.0,Central,FUR-BOO-3009,Furniture,Bookcases,Bookcases Item 9,43.88,4,0.3,3.37,False,False,False,False,False,False,False,False,False,False
US-2023-100011,2023-03-05,2023-03-07,Standard Class,CU-10011,Patricia Lopez,Consumer,United States,New York,New York,84289.0,East,FUR-TAB-3011,Furniture,Tables,Tables Item 11,984.82,2,0.1,47.95,False,False,False,False,False,False,False,False,False,False
US-2023-100014,2023-05-31,2023-06-05,First Class,CU-10014,Fatima Johnson,Home Office,United States,Seattle,Virginia,31894.0,South,FUR-CHA-3014,Furniture,Chairs,Chairs Item 14,380.28,1,1.5,130.65,False,False,False,True,False,False,False,False,False,False
US-2023-100016,2023-01-30,2023-02-01,First Class,CU-10016,Patricia Davis,Corporate,United States,Los Angeles,Virginia,38896.0,South,TEC-PHO-3016,Technology,Phones,Phones Item 16,1193.8,5,0.0,307.71,True,False,False,False,False,False,False,False,False,False
US-2023-100017,2023-07-21,2023-07-24,First Class,CU-10017,Jennifer Chen,Home Office,United States,Los Angeles,Massachusetts,96584.0,East,FUR-CHA-3017,Furniture,Chairs,Chairs Item 17,975.64,4,0.15,221.6,False,False,False,False,False,False,False,False,False,False
US-2023-100019,2023-06-04,2023-06-09,First Class,CU-10019,Elizabeth Davis,Consumer,United States,Boston,California,81864.0,West,FUR-CHA-3019,Furniture,Chairs,Chairs Item 19,3233.76,8,0.0,754.99,False,False,False,False,False,False,False,False,False,False
US-2023-100023,2023-11-30,2023-12-05,Standard Class,CU-10023,Aiden Martinez,Consumer,United States,Houston,Washington,46296.0,West,OFF-ART-3023,Office Supplies,Art,Art Item 23,2519.46,9,0.3,334.95,False,False,False,False,False,False,False,False,False,False
US-2023-100026,2023-03-16,2023-03-18,First Class,CU-10026,Maria Chen,Consumer,United States,Phoenix,Pennsylvania,27990.0,East,FUR-CHA-3026,Furniture,Chairs,Chairs Item 26,1965.25,5,0.3,-105.47,False,False,False,False,False,False,False,False,False,False
US-2023-100029,2023-09-29,2023-10-02,First Class,CU-10029,Robert Miller,Corporate,United States,Chicago,Oregon,80333.0,West,FUR-BOO-3029,Furniture,Bookcases,Bookcases Item 29,453.42,1,0.0,59.46,False,False,False,False,False,False,False,False,False,False
US-2023-100030,2023-04-02,2023-04-05,Standard Class,CU-10030,Mary Jones,Home Office,United States,Los Angeles,North Carolina,44151.0,South,TEC-PHO-3030,Technology,Phones,Phones Item 30,400.8,1,0.0,71.18,False,False,False,False,False,False,False,False,False,False
US-2023-100031,2023-09-28,2023-09-29,Second Class,CU-10031,Aiden Jones,Consumer,United States,Boston,Oregon,41252.0,West,FUR-CHA-3031,Furniture,Chairs,Chairs Item 31,85.76,8,0.15,8.6,False,False,False,False,False,False,False,False,False,False
US-2023-100032,2023-02-21,2023-02-23,First Class,CU-10032,Wei Brown,Corporate,United States,Boston,Florida,98100.0,South,FUR-CHA-3032,Furniture,Chairs,Chairs Item 32,1865.84,4,0.2,77.44,False,False,False,False,False,False,False,False,False,False
US-2023-100033,2023-01-19,2023-01-22,Same Day,CU-10033,Linda Martinez,Consumer,United States,Miami,Virginia,23930.0,South,FUR-FUR-3033,Furniture,Furnishings,Furnishings Item 33,12.6,1,0.2,1.28,False,False,False,False,False,False,False,False,False,False
US-2023-100036,2023-06-11,2023-06-14,Second Class,CU-10036,John Garcia,Consumer,United States,Phoenix,Illinois,38556.0,Central,FUR-TAB-3036,Furniture,Tables,Tables Item 36,54.32,8,0.0,18.39,False,False,False,False,False,False,False,False,False,False
US-2023-100037,2023-12-10,2023-12-12,Standard Class,CU-10037,Linda Martinez,Consumer,United States,Phoenix,California,21764.0,,OFF-BIN-3037,Office Supplies,Binders,Binders Item 37,479.9,0,0.15,82.45,True,False,True,False,False,False,False,False,True,False
US-2023-100037,2023-12-10,2023-12-14,Standard Class,CU-10037,Linda Martinez,Consumer,United States,Phoenix,California,21764.0,,OFF-BIN-3037,Office Supplies,Binders,Binders Item 37,479.9,2,0.15,82.45,False,False,False,False,False,False,False,False,True,False
US-2023-100039,2023-10-18,2023-10-23,Same Day,CU-10039,John Chen,Home Office,United States,Boston,Texas,28259.0,Central,OFF-STO-3039,Office Supplies,Storage,Storage Item 39,80.04,3,0.3,9.16,False,False,False,False,False,False,False,False,False,False
US-2023-100040,2023-03-29,2023-03-30,Standard Class,CU-10040,David Davis,Home Office,United States,New York,Michigan,92080.0,Central,TEC-ACC-3040,Technology,Accessories,Accessories Item 40,70.88,1,0.0,23.95,False,False,False,False,False,False,False,False,False,False
US-2023-100041,2023-09-28,2023-09-29,Standard Class,CU-10041,Aiden Martinez,Home Office,United States,Boston,Massachusetts,18657.0,East,TEC-COP-3041,Technology,Copiers,Copiers Item 41,3198.88,8,0.2,734.95,False,False,False,False,False,False,False,False,False,False
US-2023-100042,2023-03-18,2023-03-21,Same Day,CU-10042,Carlos Davis,Corporate,United States,Los Angeles,Florida,72784.0,South,TEC-PHO-3042,Technology,Phones,Phones Item 42,1464.08,4,0.0,174.55,False,False,False,False,False,False,False,False,False,False
US-2023-100045,2023-03-29,2023-04-02,Same Day,CU-10045,Jennifer Jones,Consumer,United States,Houston,Georgia,19779.0,South,FUR-CHA-3045,Furniture,Chairs,Chairs Item 45,148.35,1,0.0,43.91,False,False,False,False,False,False,False,False,False,False
US-2023-100047,2023-01-04,2023-01-08,First Class,CU-10047,Patricia Miller,Consumer,United States,Seattle,Illinois,10228.0,Central,OFF-APP-3047,Office Supplies,Appliances,Appliances Item 47,1645.44,8,0.2,-12.81,False,False,False,False,False,False,False,False,False,False
US-2023-100048,2023-05-03,2023-05-05,Same Day,CU-10048,Mary Miller,Home Office,United States,Los Angeles,New York,57278.0,East,OFF-LAB-3048,Office Supplies,Labels,Labels Item 48,451.28,1,0.0,56.84,False,False,False,False,False,False,False,False,False,False
US-2023-100049,2023-10-15,2023-10-16,First Class,CU-10049,Robert Brown,Corporate,United States,Boston,Washington,51366.0,West,OFF-FAS-3049,Office Supplies,Fasteners,Fasteners Item 49,418.16,1,0.0,100.56,False,False,False,False,False,False,False,False,False,False
US-2023-100050,2023-01-30,2023-02-03,Same Day,CU-10050,Aiden Khan,Corporate,United States,Dallas,Pennsylvania,28162.0,East,FUR-FUR-3050,Furniture,Furnishings,Furnishings Item 50,2491.83,9,0.2,-64.36,False,False,False,False,False,False,False,False,False,False
US-2023-100051,2023-02-20,2023-02-25,First Class,CU-10051,Michael Jones,Corporate,United States,Houston,Massachusetts,49431.0,East,TEC-MAC-3051,Technology,Machines,Machines Item 51,268.59,3,0.1,27.69,False,False,False,False,False,False,False,False,False,False
US-2023-100052,2023-05-03,2023-05-05,Second Class,CU-10052,Jennifer Martinez,Corporate,United States,Seattle,New York,68977.0,East,OFF-SUP-3052,Office Supplies,Supplies,Supplies Item 52,126.63,3,0.15,31.25,False,False,False,False,False,False,False,False,False,False
US-2023-100053,2023-09-07,2023-09-08,Second Class,CU-10053,Patricia Jones,Consumer,United States,Atlanta,Ohio,60179.0,Central,OFF-BIN-3053,Office Supplies,Binders,Binders Item 53,522.81,3,0.0,76.22,False,False,False,False,False,False,False,False,False,False
US-2023-100058,2023-09-25,2023-09-27,First Class,CU-10058,Jennifer Jones,Home Office,United States,Houston,New York,72299.0,East,TEC-COP-3058,Technology,Copiers,Copiers Item 58,55.7,10,0.15,3.65,False,False,False,False,False,False,False,False,False,False
US-2023-100059,2023-01-30,2023-02-03,Same Day,CU-10059,Carlos Chen,Consumer,United States,Phoenix,Michigan,39863.0,Central,TEC-COP-3059,Technology,Copiers,Copiers Item 59,161.9,0,0.0,32.3,False,False,True,False,False,False,False,False,False,False
US-2023-100060,2023-08-21,2023-08-25,Second Class,CU-10060,Carlos Miller,Consumer,United States,Phoenix,Virginia,76175.0,South,TEC-PHO-3060,Technology,Phones,Phones Item 60,349.43,1,0.2,26.62,False,False,False,False,False,False,False,False,False,False
US-2023-100061,2023-07-25,2023-07-28,Standard Class,CU-10061,Aiden Jones,Home Office,United States,Miami,Massachusetts,89966.0,East,FUR-CHA-3061,Furniture,Chairs,Chairs Item 61,477.0,4,0.0,61.77,False,False,False,False,False,False,False,False,False,False
US-2023-100061,2023-07-25,2023-07-28,Standard Class,CU-10061,Aiden Jones,Home Office,United States,Miami,Massachusetts,89966.0,Central,FUR-CHA-3061,Furniture,Chairs,Chairs Item 61,477.0,4,0.0,61.77,False,False,False,False,False,True,False,False,False,False
US-2023-100064,2023-12-06,2023-12-10,Standard Class,CU-10064,Patricia Miller,Home Office,United States,Houston,Virginia,59824.0,South,TEC-PHO-3064,Technology,Phones,Phones Item 64,176.79,3,0.0,23.68,False,False,False,False,False,False,False,False,False,False
US-2023-100065,2023-03-31,2023-04-01,First Class,CU-10065,Linda Garcia,Home Office,United States,Miami,Pennsylvania,13969.0,East,OFF-FAS-3065,Office Supplies,Fasteners,Fasteners Item 65,815.04,8,0.15,204.45,False,False,False,False,False,False,False,False,False,False
US-2023-100067,2023-12-10,2023-12-15,First Class,CU-10067,Aiden Jones,Consumer,United States,Dallas,Florida,93097.0,South,OFF-LAB-3067,Office Supplies,Labels,Labels Item 67,134.78,1,0.2,21.14,False,False,False,False,False,False,False,False,False,False
US-2023-100068,2023-04-20,2023-04-24,Same Day,CU-10068,Aiden Miller,Consumer,United States,Miami,Michigan,33978.0,Central,FUR-BOO-3068,Furniture,Bookcases,Bookcases Item 68,3817.52,8,0.1,904.52,False,False,False,False,False,False,False,False,False,False
US-2023-100070,2023-03-08,2023-03-09,Standard Class,CU-10070,David Johnson,Corporate,United States,Dallas,Pennsylvania,21020.0,East,FUR-CHA-3070,Furniture,Chairs,Chairs Item 70,2228.24,8,0.0,218.83,False,False,False,False,False,False,False,False,False,False
US-2023-100072,2023-10-14,2023-10-19,Second Class,CU-10072,Jennifer Brown,Consumer,United States,Houston,Georgia,,South,FUR-FUR-3072,Furniture,Furnishings,Furnishings Item 72,948.1,5,0.2,26.64,False,False,False,False,False,False,False,True,False,False
US-2023-100073,2023-03-08,2023-03-12,Standard Class,CU-10073,Carlos Nguyen,Home Office,United States,Miami,North Carolina,14852.0,,OFF-ENV-3073,Office Supplies,Envelopes,Envelopes Item 73,2481.3,5,0.15,329.75,False,False,False,False,False,False,False,False,True,False
US-2023-100074,2023-08-25,2023-08-29,Second Class,CU-10074,James Brown,Consumer,United States,Seattle,Massachusetts,77196.0,East,FUR-BOO-3074,Furniture,Bookcases,Bookcases Item 74,149.88,6,0.0,17.97,False,False,False,False,False,False,False,False,False,False
US-2023-100077,2023-03-06,2023-03-10,Standard Class,CU-10077,Carlos Martinez,Home Office,United States,Chicago,Massachusetts,62136.0,East,OFF-SUP-3077,Office Supplies,Supplies,Supplies Item 77,797.88,2,0.2,91.79,False,False,False,False,False,False,False,False,False,False
US-2023-100078,2023-10-18,2023-10-21,Same Day,CU-10078,Aiden Garcia,Corporate,United States,New York,Pennsylvania,57681.0,East,TEC-MAC-3078,Technology,Machines,Machines Item 78,3337.81,7,0.0,913.23,False,False,False,False,False,False,False,False,False,False
US-2023-100080,2023-02-22,2023-02-27,Second Class,CU-10080,Elizabeth Garcia,Consumer,United States,Seattle,California,47132.0,West,FUR-CHA-3080,Furniture,Chairs,Chairs Item 80,966.39,3,0.1,25.81,False,False,False,False,False,False,False,False,False,False
US-2023-100081,2023-04-22,2023-04-26,Second Class,CU-10081,Linda Jones,Consumer,United States,Miami,Oregon,51225.0,West,FUR-CHA-3081,Furniture,Chairs,Chairs Item 81,3024.08,8,0.3,574.77,False,False,False,False,False,False,False,False,False,False
US-2023-100085,2023-07-03,2023-07-04,Same Day,CU-10085,Jennifer Nguyen,Consumer,United States,Miami,New Jersey,62473.0,East,OFF-STO-3085,Office Supplies,Storage,Storage Item 85,311.35,1,0.1,43.46,False,False,False,False,False,False,False,False,False,False
US-2023-100087,2023-02-25,2023-03-02,Standard Class,CU-10087,Fatima Johnson,Consumer,United States,Chicago,Oregon,74470.0,West,TEC-MAC-3087,Technology,Machines,Machines Item 87,2296.77,7,0.3,-135.84,False,False,False,False,False,False,False,False,False,False
US-2023-100088,2023-03-09,2023-03-12,Same Day,CU-10088,Elizabeth Jones,Consumer,United States,Phoenix,Michigan,75826.0,Central,OFF-BIN-3088,Office Supplies,Binders,Binders Item 88,3793.1,10,0.0,558.16,False,False,False,False,False,False,False,False,False,False
US-2023-100093,2023-08-21,2023-08-26,First Class,CU-10093,Michael Johnson,Home Office,United States,Houston,Massachusetts,64163.0,East,FUR-CHA-3093,Furniture,Chairs,Chairs Item 93,16.03,1,0.0,3.53,False,False,False,False,False,False,False,False,False,False
US-2023-100094,2023-07-29,2023-08-01,Second Class,CU-10094,Aiden Nguyen,Home Office,United States,Chicago,Texas,69094.0,Central,TEC-MAC-3094,Technology,Machines,Machines Item 94,4150.9,10,0.0,375.34,False,False,False,False,False,False,False,False,False,False
US-2023-100096,2023-06-19,2023-06-20,Standard Class,CU-10096,Linda Williams,Consumer,United States,New York,Michigan,90299.0,Central,TEC-PHO-3096,Technology,Phones,Phones Item 96,35.46,1,0.0,6.09,False,False,False,False,False,False,False,False,False,False
US-2023-100099,2023-05-07,2023-05-10,First Class,CU-10099,Carlos Miller,Corporate,United States,Houston,Washington,21196.0,West,OFF-ENV-3099,Office Supplies,Envelopes,Envelopes Item 99,1786.4,5,0.0,430.09,False,False,False,False,False,False,False,False,False,False
US-2023-100100,2023-09-24,2023-09-26,First Class,CU-10100,Linda Miller,Home Office,United States,Houston,Illinois,59735.0,Central,TEC-ACC-3100,Technology,Accessories,Accessories Item 100,1890.52,4,0.2,424.4,False,False,False,False,False,False,False,False,False,False
US-2023-100102,2023-02-03,2023-02-04,Standard Class,CU-10102,Robert Khan,Consumer,United States,New York,Texas,28140.0,Central,FUR-CHA-3102,Furniture,Chairs,Chairs Item 102,115.62,2,0.0,17.74,False,False,False,False,False,False,False,False,False,False
